{"cameraMode":{"drawMode":0,"name":"Shaded","section":"Shading Mode"},"sceneLighting":false,"audioPlay":false,"sceneViewState":{"showFog":true,"showMaterialUpdate":false,"showSkybox":true,"showFlares":true,"showImageEffects":true,"showParticleSystems":true},"in2DMode":false,"pivot":{"x":0.06319442391395569,"y":3.0799999237060549,"z":1.8180441856384278},"rotation":{"x":-0.1072230115532875,"y":0.6400163769721985,"z":-0.09084498882293701,"w":-0.7554002404212952},"size":1.1461268663406373,"orthographic":true}